
INSERT OR IGNORE INTO users (id, email, password_hash) VALUES
  (1, 'demo@example.com', 'demo');

INSERT OR IGNORE INTO funds (fund_id, fund_name, fund_type, risk_level, expense_ratio) VALUES
  (1, 'HDFC Equity Growth', 'Equity', 'High', 0.012),
  (2, 'ICICI Balanced Advantage', 'Hybrid', 'Moderate', 0.009),
  (3, 'SBI Bluechip Fund', 'Equity', 'Moderate', 0.011);

DELETE FROM sip_records;
INSERT INTO sip_records (user_id, fund_id, date, amount, nav_at_purchase, units_purchased) VALUES
  (1, 1, '2023-01-05', 500, 450.56, 1.1097),
  (1, 1, '2023-02-05', 500, 450.84, 1.109),
  (1, 1, '2023-03-05', 500, 450.75, 1.1093),
  (1, 1, '2023-04-05', 500, 451.75, 1.1068),
  (1, 1, '2023-05-05', 500, 454.23, 1.1008),
  (1, 1, '2023-06-05', 500, 451.39, 1.1077),
  (1, 1, '2023-07-05', 500, 449.61, 1.1121),
  (1, 1, '2023-08-05', 500, 451.58, 1.1072),
  (1, 1, '2023-09-05', 500, 450.96, 1.1087),
  (1, 1, '2023-10-05', 500, 453.27, 1.1031),
  (1, 1, '2023-11-05', 500, 453.45, 1.1027),
  (1, 1, '2023-12-05', 500, 455.96, 1.0966),
  (1, 1, '2024-01-05', 600, 482.8, 1.2428),
  (1, 1, '2024-02-05', 600, 480.92, 1.2476),
  (1, 1, '2024-03-05', 600, 480.75, 1.248),
  (1, 1, '2024-04-05', 600, 477.86, 1.2556),
  (1, 1, '2024-05-05', 600, 478.15, 1.2548),
  (1, 1, '2024-06-05', 600, 476.46, 1.2593),
  (1, 1, '2024-07-05', 600, 477.2, 1.2573),
  (1, 1, '2024-08-05', 600, 476.55, 1.259),
  (1, 1, '2024-09-05', 600, 473.6, 1.2669),
  (1, 1, '2024-10-05', 600, 473.78, 1.2664),
  (1, 1, '2024-11-05', 600, 471.74, 1.2719),
  (1, 1, '2024-12-05', 600, 474.1, 1.2656),
  (1, 1, '2025-01-05', 650, 519.22, 1.2519),
  (1, 1, '2025-02-05', 650, 521.58, 1.2462),
  (1, 1, '2025-03-05', 650, 523.48, 1.2417),
  (1, 1, '2025-04-05', 650, 522.72, 1.2435),
  (1, 1, '2025-05-05', 650, 523.99, 1.2405),
  (1, 1, '2025-06-05', 650, 523.25, 1.2422),
  (1, 1, '2025-07-05', 650, 525.99, 1.2358),
  (1, 1, '2025-08-05', 650, 524.12, 1.2402),
  (1, 1, '2025-09-05', 650, 521.38, 1.2467),
  (1, 1, '2025-10-05', 650, 522.65, 1.2437),
  (1, 2, '2023-01-05', 300, 210.29, 1.4266),
  (1, 2, '2023-02-05', 300, 210.39, 1.4259),
  (1, 2, '2023-03-05', 300, 210.99, 1.4219),
  (1, 2, '2023-04-05', 300, 210.05, 1.4282),
  (1, 2, '2023-05-05', 300, 212.65, 1.4108),
  (1, 2, '2023-06-05', 300, 209.77, 1.4301),
  (1, 2, '2023-07-05', 300, 209.81, 1.4299),
  (1, 2, '2023-08-05', 300, 209.64, 1.431),
  (1, 2, '2023-09-05', 300, 207.58, 1.4452),
  (1, 2, '2023-10-05', 300, 205.86, 1.4573),
  (1, 2, '2023-11-05', 300, 203.37, 1.4751),
  (1, 2, '2023-12-05', 300, 201.77, 1.4868),
  (1, 2, '2024-01-05', 350, 224.33, 1.5602),
  (1, 2, '2024-02-05', 350, 226.35, 1.5463),
  (1, 2, '2024-03-05', 350, 224.24, 1.5608),
  (1, 2, '2024-04-05', 350, 225.78, 1.5502),
  (1, 2, '2024-05-05', 350, 227.86, 1.536),
  (1, 2, '2024-06-05', 350, 229.29, 1.5265),
  (1, 2, '2024-07-05', 350, 230.82, 1.5163),
  (1, 2, '2024-08-05', 350, 227.82, 1.5363),
  (1, 2, '2024-09-05', 350, 226.46, 1.5455),
  (1, 2, '2024-10-05', 350, 229.41, 1.5257),
  (1, 2, '2024-11-05', 350, 227.18, 1.5406),
  (1, 2, '2024-12-05', 350, 228.93, 1.5289),
  (1, 2, '2025-01-05', 400, 242.2, 1.6515),
  (1, 2, '2025-02-05', 400, 241.88, 1.6537),
  (1, 2, '2025-03-05', 400, 241.43, 1.6568),
  (1, 2, '2025-04-05', 400, 238.97, 1.6739),
  (1, 2, '2025-05-05', 400, 241.78, 1.6544),
  (1, 2, '2025-06-05', 400, 244.29, 1.6374),
  (1, 2, '2025-07-05', 400, 244.58, 1.6355),
  (1, 2, '2025-08-05', 400, 246.9, 1.6201),
  (1, 2, '2025-09-05', 400, 246.24, 1.6244),
  (1, 2, '2025-10-05', 400, 243.95, 1.6397),
  (1, 3, '2023-01-05', 400, 320.36, 1.2486),
  (1, 3, '2023-02-05', 400, 318.27, 1.2568),
  (1, 3, '2023-03-05', 400, 320.23, 1.2491),
  (1, 3, '2023-04-05', 400, 322.18, 1.2415),
  (1, 3, '2023-05-05', 400, 320.99, 1.2461),
  (1, 3, '2023-06-05', 400, 321.39, 1.2446),
  (1, 3, '2023-07-05', 400, 320.89, 1.2465),
  (1, 3, '2023-08-05', 400, 318.86, 1.2545),
  (1, 3, '2023-09-05', 400, 320.89, 1.2465),
  (1, 3, '2023-10-05', 400, 321.29, 1.245),
  (1, 3, '2023-11-05', 400, 320.9, 1.2465),
  (1, 3, '2023-12-05', 400, 322.48, 1.2404),
  (1, 3, '2024-01-05', 450, 340.71, 1.3208),
  (1, 3, '2024-02-05', 450, 342.78, 1.3128),
  (1, 3, '2024-03-05', 450, 340.7, 1.3208),
  (1, 3, '2024-04-05', 450, 338.66, 1.3288),
  (1, 3, '2024-05-05', 450, 340.08, 1.3232),
  (1, 3, '2024-06-05', 450, 342.17, 1.3151),
  (1, 3, '2024-07-05', 450, 341.9, 1.3162),
  (1, 3, '2024-08-05', 450, 342.74, 1.3129),
  (1, 3, '2024-09-05', 450, 342.29, 1.3147),
  (1, 3, '2024-10-05', 450, 341.27, 1.3186),
  (1, 3, '2024-11-05', 450, 343.46, 1.3102),
  (1, 3, '2024-12-05', 450, 344.39, 1.3067),
  (1, 3, '2025-01-05', 500, 361.9, 1.3816),
  (1, 3, '2025-02-05', 500, 359.58, 1.3905),
  (1, 3, '2025-03-05', 500, 356.68, 1.4018),
  (1, 3, '2025-04-05', 500, 359.54, 1.3907),
  (1, 3, '2025-05-05', 500, 362.08, 1.3809),
  (1, 3, '2025-06-05', 500, 360.82, 1.3857),
  (1, 3, '2025-07-05', 500, 362.42, 1.3796),
  (1, 3, '2025-08-05', 500, 363.35, 1.3761),
  (1, 3, '2025-09-05', 500, 363.93, 1.3739),
  (1, 3, '2025-10-05', 500, 363.7, 1.3748);

DELETE FROM nav_history;
INSERT INTO nav_history (fund_id, date, nav_value) VALUES
  (1, '2025-12-02', 548.91),
  (1, '2025-12-01', 554.35),
  (1, '2025-11-30', 548.04),
  (1, '2025-11-29', 550.2),
  (1, '2025-11-28', 545.96),
  (1, '2025-11-27', 546.62),
  (1, '2025-11-26', 553.97),
  (1, '2025-11-25', 553.5),
  (1, '2025-11-24', 551.39),
  (1, '2025-11-23', 546.59),
  (1, '2025-11-22', 551.72),
  (1, '2025-11-21', 546.29),
  (1, '2025-11-20', 546.77),
  (1, '2025-11-19', 548.09),
  (1, '2025-11-18', 554.84),
  (1, '2025-11-17', 547.78),
  (1, '2025-11-16', 550.55),
  (1, '2025-11-15', 552.67),
  (1, '2025-11-14', 552.98),
  (1, '2025-11-13', 549.42),
  (1, '2025-11-12', 545.71),
  (1, '2025-11-11', 551.01),
  (1, '2025-11-10', 552.52),
  (1, '2025-11-09', 552.33),
  (1, '2025-11-08', 552.76),
  (1, '2025-11-07', 552.41),
  (1, '2025-11-06', 552.99),
  (1, '2025-11-05', 553.6),
  (1, '2025-11-04', 554.24),
  (1, '2025-11-03', 545.93),
  (1, '2025-11-02', 546.86),
  (1, '2025-11-01', 549.42),
  (1, '2025-10-31', 552.86),
  (1, '2025-10-30', 549.48),
  (1, '2025-10-29', 551.72),
  (1, '2025-10-28', 548.88),
  (1, '2025-10-27', 547.83),
  (1, '2025-10-26', 546.0),
  (1, '2025-10-25', 551.96),
  (1, '2025-10-24', 553.77),
  (1, '2025-10-23', 550.25),
  (1, '2025-10-22', 551.0),
  (1, '2025-10-21', 551.01),
  (1, '2025-10-20', 549.32),
  (1, '2025-10-19', 545.94),
  (1, '2025-10-18', 547.02),
  (1, '2025-10-17', 547.72),
  (1, '2025-10-16', 548.05),
  (1, '2025-10-15', 548.0),
  (1, '2025-10-14', 553.98),
  (1, '2025-10-13', 553.41),
  (1, '2025-10-12', 552.5),
  (1, '2025-10-11', 549.34),
  (1, '2025-10-10', 548.98),
  (1, '2025-10-09', 553.08),
  (1, '2025-10-08', 549.74),
  (1, '2025-10-07', 554.19),
  (1, '2025-10-06', 550.59),
  (1, '2025-10-05', 545.11),
  (1, '2025-10-04', 553.73),
  (1, '2025-10-03', 548.78),
  (1, '2025-10-02', 552.59),
  (1, '2025-10-01', 550.64),
  (1, '2025-09-30', 548.73),
  (1, '2025-09-29', 551.17),
  (1, '2025-09-28', 550.02),
  (1, '2025-09-27', 550.12),
  (1, '2025-09-26', 547.26),
  (1, '2025-09-25', 550.77),
  (1, '2025-09-24', 545.37),
  (1, '2025-09-23', 552.3),
  (1, '2025-09-22', 546.08),
  (1, '2025-09-21', 549.2),
  (1, '2025-09-20', 545.11),
  (1, '2025-09-19', 549.37),
  (1, '2025-09-18', 551.11),
  (1, '2025-09-17', 554.86),
  (1, '2025-09-16', 547.28),
  (1, '2025-09-15', 551.26),
  (1, '2025-09-14', 550.39),
  (1, '2025-09-13', 545.11),
  (1, '2025-09-12', 546.01),
  (1, '2025-09-11', 548.81),
  (1, '2025-09-10', 551.57),
  (1, '2025-09-09', 554.44),
  (1, '2025-09-08', 545.75),
  (1, '2025-09-07', 547.28),
  (1, '2025-09-06', 552.95),
  (1, '2025-09-05', 545.43),
  (1, '2025-09-04', 552.38),
  (1, '2025-09-03', 550.03),
  (1, '2025-09-02', 549.61),
  (1, '2025-09-01', 554.85),
  (1, '2025-08-31', 546.49),
  (1, '2025-08-30', 550.81),
  (1, '2025-08-29', 549.88),
  (1, '2025-08-28', 545.34),
  (1, '2025-08-27', 548.78),
  (1, '2025-08-26', 552.53),
  (1, '2025-08-25', 547.92),
  (1, '2025-08-24', 553.17),
  (1, '2025-08-23', 554.96),
  (1, '2025-08-22', 550.21),
  (1, '2025-08-21', 554.98),
  (1, '2025-08-20', 547.82),
  (1, '2025-08-19', 552.03),
  (1, '2025-08-18', 548.77),
  (1, '2025-08-17', 552.68),
  (1, '2025-08-16', 545.34),
  (1, '2025-08-15', 553.68),
  (1, '2025-08-14', 546.02),
  (1, '2025-08-13', 554.45),
  (1, '2025-08-12', 551.45),
  (1, '2025-08-11', 553.55),
  (1, '2025-08-10', 545.52),
  (1, '2025-08-09', 549.86),
  (1, '2025-08-08', 547.15),
  (1, '2025-08-07', 554.6),
  (1, '2025-08-06', 547.91),
  (1, '2025-08-05', 552.21),
  (1, '2025-08-04', 549.79),
  (1, '2025-08-03', 550.05),
  (1, '2025-08-02', 550.9),
  (1, '2025-08-01', 547.44),
  (1, '2025-07-31', 550.18),
  (1, '2025-07-30', 548.53),
  (1, '2025-07-29', 552.18),
  (1, '2025-07-28', 545.98),
  (1, '2025-07-27', 547.14),
  (1, '2025-07-26', 548.76),
  (1, '2025-07-25', 549.03),
  (1, '2025-07-24', 551.35),
  (1, '2025-07-23', 550.45),
  (1, '2025-07-22', 553.86),
  (1, '2025-07-21', 545.13),
  (1, '2025-07-20', 551.9),
  (1, '2025-07-19', 549.68),
  (1, '2025-07-18', 545.24),
  (1, '2025-07-17', 547.28),
  (1, '2025-07-16', 551.31),
  (1, '2025-07-15', 553.91),
  (1, '2025-07-14', 554.98),
  (1, '2025-07-13', 551.56),
  (1, '2025-07-12', 548.56),
  (1, '2025-07-11', 554.73),
  (1, '2025-07-10', 547.99),
  (1, '2025-07-09', 553.52),
  (1, '2025-07-08', 547.37),
  (1, '2025-07-07', 553.82),
  (1, '2025-07-06', 554.9),
  (1, '2025-07-05', 551.84),
  (1, '2025-07-04', 548.45),
  (1, '2025-07-03', 549.88),
  (1, '2025-07-02', 550.7),
  (1, '2025-07-01', 549.03),
  (1, '2025-06-30', 546.33),
  (1, '2025-06-29', 551.6),
  (1, '2025-06-28', 549.99),
  (1, '2025-06-27', 552.37),
  (1, '2025-06-26', 549.38),
  (1, '2025-06-25', 550.43),
  (1, '2025-06-24', 547.86),
  (1, '2025-06-23', 547.21),
  (1, '2025-06-22', 546.22),
  (1, '2025-06-21', 552.07),
  (1, '2025-06-20', 546.8),
  (1, '2025-06-19', 553.75),
  (1, '2025-06-18', 545.39),
  (1, '2025-06-17', 552.73),
  (1, '2025-06-16', 552.63),
  (1, '2025-06-15', 545.28),
  (1, '2025-06-14', 551.72),
  (1, '2025-06-13', 552.56),
  (1, '2025-06-12', 546.41),
  (1, '2025-06-11', 550.98),
  (1, '2025-06-10', 546.76),
  (1, '2025-06-09', 551.56),
  (1, '2025-06-08', 552.99),
  (1, '2025-06-07', 547.5),
  (1, '2025-06-06', 554.89),
  (2, '2025-12-02', 248.55),
  (2, '2025-12-01', 240.13),
  (2, '2025-11-30', 245.29),
  (2, '2025-11-29', 249.47),
  (2, '2025-11-28', 249.88),
  (2, '2025-11-27', 249.41),
  (2, '2025-11-26', 241.93),
  (2, '2025-11-25', 247.48),
  (2, '2025-11-24', 241.2),
  (2, '2025-11-23', 244.76),
  (2, '2025-11-22', 246.41),
  (2, '2025-11-21', 247.96),
  (2, '2025-11-20', 245.3),
  (2, '2025-11-19', 243.82),
  (2, '2025-11-18', 245.75),
  (2, '2025-11-17', 246.55),
  (2, '2025-11-16', 244.63),
  (2, '2025-11-15', 247.19),
  (2, '2025-11-14', 247.82),
  (2, '2025-11-13', 241.48),
  (2, '2025-11-12', 247.26),
  (2, '2025-11-11', 249.4),
  (2, '2025-11-10', 245.37),
  (2, '2025-11-09', 245.53),
  (2, '2025-11-08', 241.68),
  (2, '2025-11-07', 247.32),
  (2, '2025-11-06', 245.43),
  (2, '2025-11-05', 247.11),
  (2, '2025-11-04', 243.07),
  (2, '2025-11-03', 245.17),
  (2, '2025-11-02', 245.5),
  (2, '2025-11-01', 243.42),
  (2, '2025-10-31', 240.69),
  (2, '2025-10-30', 245.16),
  (2, '2025-10-29', 242.56),
  (2, '2025-10-28', 241.34),
  (2, '2025-10-27', 247.93),
  (2, '2025-10-26', 241.85),
  (2, '2025-10-25', 244.06),
  (2, '2025-10-24', 249.13),
  (2, '2025-10-23', 245.73),
  (2, '2025-10-22', 241.67),
  (2, '2025-10-21', 244.06),
  (2, '2025-10-20', 249.91),
  (2, '2025-10-19', 247.28),
  (2, '2025-10-18', 246.81),
  (2, '2025-10-17', 247.62),
  (2, '2025-10-16', 240.77),
  (2, '2025-10-15', 245.9),
  (2, '2025-10-14', 243.62),
  (2, '2025-10-13', 246.09),
  (2, '2025-10-12', 241.89),
  (2, '2025-10-11', 248.08),
  (2, '2025-10-10', 243.44),
  (2, '2025-10-09', 247.43),
  (2, '2025-10-08', 249.26),
  (2, '2025-10-07', 240.82),
  (2, '2025-10-06', 243.38),
  (2, '2025-10-05', 241.3),
  (2, '2025-10-04', 249.97),
  (2, '2025-10-03', 243.0),
  (2, '2025-10-02', 248.47),
  (2, '2025-10-01', 241.3),
  (2, '2025-09-30', 245.96),
  (2, '2025-09-29', 244.48),
  (2, '2025-09-28', 241.91),
  (2, '2025-09-27', 241.39),
  (2, '2025-09-26', 249.92),
  (2, '2025-09-25', 245.37),
  (2, '2025-09-24', 244.03),
  (2, '2025-09-23', 247.98),
  (2, '2025-09-22', 244.03),
  (2, '2025-09-21', 244.19),
  (2, '2025-09-20', 241.47),
  (2, '2025-09-19', 249.69),
  (2, '2025-09-18', 249.96),
  (2, '2025-09-17', 242.39),
  (2, '2025-09-16', 248.3),
  (2, '2025-09-15', 245.37),
  (2, '2025-09-14', 242.75),
  (2, '2025-09-13', 244.89),
  (2, '2025-09-12', 248.38),
  (2, '2025-09-11', 246.62),
  (2, '2025-09-10', 244.15),
  (2, '2025-09-09', 249.02),
  (2, '2025-09-08', 247.93),
  (2, '2025-09-07', 247.86),
  (2, '2025-09-06', 247.89),
  (2, '2025-09-05', 244.78),
  (2, '2025-09-04', 245.45),
  (2, '2025-09-03', 240.84),
  (2, '2025-09-02', 247.59),
  (2, '2025-09-01', 241.84),
  (2, '2025-08-31', 248.62),
  (2, '2025-08-30', 245.4),
  (2, '2025-08-29', 249.33),
  (2, '2025-08-28', 247.91),
  (2, '2025-08-27', 240.01),
  (2, '2025-08-26', 246.89),
  (2, '2025-08-25', 244.64),
  (2, '2025-08-24', 248.52),
  (2, '2025-08-23', 248.86),
  (2, '2025-08-22', 245.48),
  (2, '2025-08-21', 249.94),
  (2, '2025-08-20', 246.15),
  (2, '2025-08-19', 249.45),
  (2, '2025-08-18', 248.3),
  (2, '2025-08-17', 249.1),
  (2, '2025-08-16', 248.31),
  (2, '2025-08-15', 242.64),
  (2, '2025-08-14', 241.53),
  (2, '2025-08-13', 241.4),
  (2, '2025-08-12', 245.77),
  (2, '2025-08-11', 244.65),
  (2, '2025-08-10', 249.61),
  (2, '2025-08-09', 243.12),
  (2, '2025-08-08', 243.38),
  (2, '2025-08-07', 245.48),
  (2, '2025-08-06', 243.97),
  (2, '2025-08-05', 243.51),
  (2, '2025-08-04', 245.33),
  (2, '2025-08-03', 248.4),
  (2, '2025-08-02', 246.78),
  (2, '2025-08-01', 241.73),
  (2, '2025-07-31', 243.5),
  (2, '2025-07-30', 248.82),
  (2, '2025-07-29', 241.08),
  (2, '2025-07-28', 244.93),
  (2, '2025-07-27', 245.12),
  (2, '2025-07-26', 249.56),
  (2, '2025-07-25', 241.86),
  (2, '2025-07-24', 249.75),
  (2, '2025-07-23', 244.37),
  (2, '2025-07-22', 245.07),
  (2, '2025-07-21', 242.04),
  (2, '2025-07-20', 245.85),
  (2, '2025-07-19', 249.12),
  (2, '2025-07-18', 248.01),
  (2, '2025-07-17', 248.51),
  (2, '2025-07-16', 242.85),
  (2, '2025-07-15', 247.13),
  (2, '2025-07-14', 243.66),
  (2, '2025-07-13', 242.65),
  (2, '2025-07-12', 248.05),
  (2, '2025-07-11', 249.22),
  (2, '2025-07-10', 246.79),
  (2, '2025-07-09', 240.21),
  (2, '2025-07-08', 242.38),
  (2, '2025-07-07', 244.36),
  (2, '2025-07-06', 240.52),
  (2, '2025-07-05', 249.17),
  (2, '2025-07-04', 245.13),
  (2, '2025-07-03', 249.25),
  (2, '2025-07-02', 242.43),
  (2, '2025-07-01', 245.37),
  (2, '2025-06-30', 247.7),
  (2, '2025-06-29', 248.81),
  (2, '2025-06-28', 242.16),
  (2, '2025-06-27', 241.21),
  (2, '2025-06-26', 244.11),
  (2, '2025-06-25', 249.66),
  (2, '2025-06-24', 244.62),
  (2, '2025-06-23', 246.81),
  (2, '2025-06-22', 245.28),
  (2, '2025-06-21', 245.8),
  (2, '2025-06-20', 249.96),
  (2, '2025-06-19', 241.2),
  (2, '2025-06-18', 243.15),
  (2, '2025-06-17', 242.73),
  (2, '2025-06-16', 243.73),
  (2, '2025-06-15', 246.09),
  (2, '2025-06-14', 249.12),
  (2, '2025-06-13', 248.86),
  (2, '2025-06-12', 241.71),
  (2, '2025-06-11', 248.88),
  (2, '2025-06-10', 247.37),
  (2, '2025-06-09', 247.05),
  (2, '2025-06-08', 243.92),
  (2, '2025-06-07', 249.95),
  (2, '2025-06-06', 247.97),
  (3, '2025-12-02', 364.4),
  (3, '2025-12-01', 368.12),
  (3, '2025-11-30', 365.69),
  (3, '2025-11-29', 368.28),
  (3, '2025-11-28', 360.32),
  (3, '2025-11-27', 363.34),
  (3, '2025-11-26', 360.88),
  (3, '2025-11-25', 366.07),
  (3, '2025-11-24', 367.71),
  (3, '2025-11-23', 360.05),
  (3, '2025-11-22', 360.97),
  (3, '2025-11-21', 363.19),
  (3, '2025-11-20', 364.05),
  (3, '2025-11-19', 364.51),
  (3, '2025-11-18', 364.66),
  (3, '2025-11-17', 365.44),
  (3, '2025-11-16', 367.53),
  (3, '2025-11-15', 360.15),
  (3, '2025-11-14', 366.75),
  (3, '2025-11-13', 361.33),
  (3, '2025-11-12', 363.63),
  (3, '2025-11-11', 367.9),
  (3, '2025-11-10', 364.39),
  (3, '2025-11-09', 360.87),
  (3, '2025-11-08', 369.75),
  (3, '2025-11-07', 364.16),
  (3, '2025-11-06', 366.67),
  (3, '2025-11-05', 366.49),
  (3, '2025-11-04', 369.0),
  (3, '2025-11-03', 367.58),
  (3, '2025-11-02', 366.24),
  (3, '2025-11-01', 364.23),
  (3, '2025-10-31', 366.66),
  (3, '2025-10-30', 368.17),
  (3, '2025-10-29', 360.13),
  (3, '2025-10-28', 367.48),
  (3, '2025-10-27', 364.88),
  (3, '2025-10-26', 361.9),
  (3, '2025-10-25', 368.48),
  (3, '2025-10-24', 365.26),
  (3, '2025-10-23', 366.8),
  (3, '2025-10-22', 360.43),
  (3, '2025-10-21', 367.1),
  (3, '2025-10-20', 362.11),
  (3, '2025-10-19', 369.03),
  (3, '2025-10-18', 361.37),
  (3, '2025-10-17', 369.32),
  (3, '2025-10-16', 368.8),
  (3, '2025-10-15', 365.99),
  (3, '2025-10-14', 369.53),
  (3, '2025-10-13', 366.94),
  (3, '2025-10-12', 362.56),
  (3, '2025-10-11', 365.42),
  (3, '2025-10-10', 367.08),
  (3, '2025-10-09', 369.38),
  (3, '2025-10-08', 365.78),
  (3, '2025-10-07', 367.58),
  (3, '2025-10-06', 360.1),
  (3, '2025-10-05', 368.36),
  (3, '2025-10-04', 367.32),
  (3, '2025-10-03', 366.32),
  (3, '2025-10-02', 365.01),
  (3, '2025-10-01', 368.42),
  (3, '2025-09-30', 362.95),
  (3, '2025-09-29', 367.82),
  (3, '2025-09-28', 361.98),
  (3, '2025-09-27', 365.87),
  (3, '2025-09-26', 364.12),
  (3, '2025-09-25', 361.37),
  (3, '2025-09-24', 368.9),
  (3, '2025-09-23', 367.09),
  (3, '2025-09-22', 365.5),
  (3, '2025-09-21', 369.52),
  (3, '2025-09-20', 364.96),
  (3, '2025-09-19', 363.36),
  (3, '2025-09-18', 369.5),
  (3, '2025-09-17', 366.41),
  (3, '2025-09-16', 362.15),
  (3, '2025-09-15', 360.42),
  (3, '2025-09-14', 364.62),
  (3, '2025-09-13', 364.61),
  (3, '2025-09-12', 366.71),
  (3, '2025-09-11', 367.14),
  (3, '2025-09-10', 365.37),
  (3, '2025-09-09', 366.86),
  (3, '2025-09-08', 362.99),
  (3, '2025-09-07', 364.67),
  (3, '2025-09-06', 361.02),
  (3, '2025-09-05', 362.52),
  (3, '2025-09-04', 360.07),
  (3, '2025-09-03', 367.47),
  (3, '2025-09-02', 367.89),
  (3, '2025-09-01', 365.71),
  (3, '2025-08-31', 368.8),
  (3, '2025-08-30', 361.72),
  (3, '2025-08-29', 363.89),
  (3, '2025-08-28', 362.03),
  (3, '2025-08-27', 367.66),
  (3, '2025-08-26', 360.05),
  (3, '2025-08-25', 367.59),
  (3, '2025-08-24', 361.83),
  (3, '2025-08-23', 368.23),
  (3, '2025-08-22', 361.46),
  (3, '2025-08-21', 368.59),
  (3, '2025-08-20', 363.9),
  (3, '2025-08-19', 360.93),
  (3, '2025-08-18', 367.37),
  (3, '2025-08-17', 368.01),
  (3, '2025-08-16', 367.33),
  (3, '2025-08-15', 369.79),
  (3, '2025-08-14', 368.0),
  (3, '2025-08-13', 368.99),
  (3, '2025-08-12', 360.15),
  (3, '2025-08-11', 366.45),
  (3, '2025-08-10', 369.88),
  (3, '2025-08-09', 360.13),
  (3, '2025-08-08', 366.64),
  (3, '2025-08-07', 362.72),
  (3, '2025-08-06', 365.09),
  (3, '2025-08-05', 360.56),
  (3, '2025-08-04', 367.3),
  (3, '2025-08-03', 360.61),
  (3, '2025-08-02', 366.59),
  (3, '2025-08-01', 369.03),
  (3, '2025-07-31', 365.47),
  (3, '2025-07-30', 368.54),
  (3, '2025-07-29', 364.09),
  (3, '2025-07-28', 369.38),
  (3, '2025-07-27', 363.79),
  (3, '2025-07-26', 368.08),
  (3, '2025-07-25', 361.4),
  (3, '2025-07-24', 369.29),
  (3, '2025-07-23', 365.24),
  (3, '2025-07-22', 361.49),
  (3, '2025-07-21', 369.97),
  (3, '2025-07-20', 364.95),
  (3, '2025-07-19', 361.55),
  (3, '2025-07-18', 368.88),
  (3, '2025-07-17', 369.69),
  (3, '2025-07-16', 362.33),
  (3, '2025-07-15', 368.92),
  (3, '2025-07-14', 363.93),
  (3, '2025-07-13', 366.1),
  (3, '2025-07-12', 362.35),
  (3, '2025-07-11', 363.4),
  (3, '2025-07-10', 367.37),
  (3, '2025-07-09', 369.89),
  (3, '2025-07-08', 361.14),
  (3, '2025-07-07', 364.96),
  (3, '2025-07-06', 365.56),
  (3, '2025-07-05', 360.37),
  (3, '2025-07-04', 365.57),
  (3, '2025-07-03', 367.34),
  (3, '2025-07-02', 362.29),
  (3, '2025-07-01', 362.18),
  (3, '2025-06-30', 361.77),
  (3, '2025-06-29', 361.01),
  (3, '2025-06-28', 369.78),
  (3, '2025-06-27', 366.26),
  (3, '2025-06-26', 362.2),
  (3, '2025-06-25', 363.01),
  (3, '2025-06-24', 366.04),
  (3, '2025-06-23', 364.67),
  (3, '2025-06-22', 364.92),
  (3, '2025-06-21', 368.41),
  (3, '2025-06-20', 366.14),
  (3, '2025-06-19', 365.48),
  (3, '2025-06-18', 360.19),
  (3, '2025-06-17', 366.53),
  (3, '2025-06-16', 365.83),
  (3, '2025-06-15', 369.81),
  (3, '2025-06-14', 360.16),
  (3, '2025-06-13', 369.22),
  (3, '2025-06-12', 364.59),
  (3, '2025-06-11', 368.44),
  (3, '2025-06-10', 363.47),
  (3, '2025-06-09', 363.47),
  (3, '2025-06-08', 366.8),
  (3, '2025-06-07', 369.07),
  (3, '2025-06-06', 367.13);
